{
    "v": "5.7.4",
    "fr": 30,
    "ip": 0,
    "op": 90,
    "w": 500,
    "h": 500,
    "nm": "Dog Animation",
    "ddd": 0,
    "assets": [],
    "layers": [
        {
            "ddd": 0,
            "ind": 1,
            "ty": 4,
            "nm": "Body",
            "sr": 1,
            "ks": {
                "o": {
                    "a": 0,
                    "k": 100
                },
                "r": {
                    "a": 1,
                    "k": [
                        {
                            "t": 0,
                            "s": [
                                0
                            ],
                            "e": [
                                5
                            ]
                        },
                        {
                            "t": 45,
                            "s": [
                                5
                            ],
                            "e": [
                                0
                            ]
                        },
                        {
                            "t": 90,
                            "s": [
                                0
                            ]
                        }
                    ]
                },
                "p": {
                    "a": 1,
                    "k": [
                        {
                            "t": 0,
                            "s": [
                                250,
                                250
                            ],
                            "e": [
                                250,
                                240
                            ]
                        },
                        {
                            "t": 45,
                            "s": [
                                250,
                                240
                            ],
                            "e": [
                                250,
                                250
                            ]
                        },
                        {
                            "t": 90,
                            "s": [
                                250,
                                250
                            ]
                        }
                    ]
                },
                "a": {
                    "a": 0,
                    "k": [
                        0,
                        0
                    ]
                },
                "s": {
                    "a": 1,
                    "k": [
                        {
                            "t": 0,
                            "s": [
                                100,
                                100
                            ],
                            "e": [
                                105,
                                105
                            ]
                        },
                        {
                            "t": 45,
                            "s": [
                                105,
                                105
                            ],
                            "e": [
                                100,
                                100
                            ]
                        },
                        {
                            "t": 90,
                            "s": [
                                100,
                                100
                            ]
                        }
                    ]
                }
            },
            "ao": 0,
            "shapes": [
                {
                    "ty": "gr",
                    "it": [
                        {
                            "ty": "rc",
                            "d": 1,
                            "s": {
                                "a": 0,
                                "k": [
                                    120,
                                    80
                                ]
                            },
                            "p": {
                                "a": 0,
                                "k": [
                                    0,
                                    0
                                ]
                            },
                            "r": {
                                "a": 0,
                                "k": 20
                            }
                        },
                        {
                            "ty": "fl",
                            "c": {
                                "a": 0,
                                "k": [
                                    0.82,
                                    0.65,
                                    0.45,
                                    1
                                ]
                            },
                            "o": {
                                "a": 0,
                                "k": 100
                            }
                        }
                    ],
                    "nm": "Body Shape"
                }
            ],
            "ip": 0,
            "op": 90,
            "st": 0
        },
        {
            "ddd": 0,
            "ind": 2,
            "ty": 4,
            "nm": "Head",
            "parent": 1,
            "sr": 1,
            "ks": {
                "o": {
                    "a": 0,
                    "k": 100
                },
                "r": {
                    "a": 1,
                    "k": [
                        {
                            "t": 0,
                            "s": [
                                0
                            ],
                            "e": [
                                -3
                            ]
                        },
                        {
                            "t": 45,
                            "s": [
                                -3
                            ],
                            "e": [
                                0
                            ]
                        },
                        {
                            "t": 90,
                            "s": [
                                0
                            ]
                        }
                    ]
                },
                "p": {
                    "a": 0,
                    "k": [
                        -50,
                        -30
                    ]
                },
                "a": {
                    "a": 0,
                    "k": [
                        0,
                        0
                    ]
                },
                "s": {
                    "a": 0,
                    "k": [
                        100,
                        100
                    ]
                }
            },
            "ao": 0,
            "shapes": [
                {
                    "ty": "gr",
                    "it": [
                        {
                            "ty": "el",
                            "d": 1,
                            "s": {
                                "a": 0,
                                "k": [
                                    60,
                                    60
                                ]
                            },
                            "p": {
                                "a": 0,
                                "k": [
                                    0,
                                    0
                                ]
                            }
                        },
                        {
                            "ty": "fl",
                            "c": {
                                "a": 0,
                                "k": [
                                    0.82,
                                    0.65,
                                    0.45,
                                    1
                                ]
                            },
                            "o": {
                                "a": 0,
                                "k": 100
                            }
                        }
                    ],
                    "nm": "Head Shape"
                },
                {
                    "ty": "gr",
                    "it": [
                        {
                            "ty": "el",
                            "d": 1,
                            "s": {
                                "a": 0,
                                "k": [
                                    8,
                                    8
                                ]
                            },
                            "p": {
                                "a": 0,
                                "k": [
                                    -12,
                                    -5
                                ]
                            }
                        },
                        {
                            "ty": "fl",
                            "c": {
                                "a": 0,
                                "k": [
                                    0.2,
                                    0.2,
                                    0.2,
                                    1
                                ]
                            },
                            "o": {
                                "a": 0,
                                "k": 100
                            }
                        }
                    ],
                    "nm": "Left Eye"
                },
                {
                    "ty": "gr",
                    "it": [
                        {
                            "ty": "el",
                            "d": 1,
                            "s": {
                                "a": 0,
                                "k": [
                                    8,
                                    8
                                ]
                            },
                            "p": {
                                "a": 0,
                                "k": [
                                    12,
                                    -5
                                ]
                            }
                        },
                        {
                            "ty": "fl",
                            "c": {
                                "a": 0,
                                "k": [
                                    0.2,
                                    0.2,
                                    0.2,
                                    1
                                ]
                            },
                            "o": {
                                "a": 0,
                                "k": 100
                            }
                        }
                    ],
                    "nm": "Right Eye"
                },
                {
                    "ty": "gr",
                    "it": [
                        {
                            "ty": "el",
                            "d": 1,
                            "s": {
                                "a": 0,
                                "k": [
                                    10,
                                    8
                                ]
                            },
                            "p": {
                                "a": 0,
                                "k": [
                                    0,
                                    8
                                ]
                            }
                        },
                        {
                            "ty": "fl",
                            "c": {
                                "a": 0,
                                "k": [
                                    0.3,
                                    0.2,
                                    0.2,
                                    1
                                ]
                            },
                            "o": {
                                "a": 0,
                                "k": 100
                            }
                        }
                    ],
                    "nm": "Nose"
                }
            ],
            "ip": 0,
            "op": 90,
            "st": 0
        },
        {
            "ddd": 0,
            "ind": 3,
            "ty": 4,
            "nm": "Tail",
            "parent": 1,
            "sr": 1,
            "ks": {
                "o": {
                    "a": 0,
                    "k": 100
                },
                "r": {
                    "a": 1,
                    "k": [
                        {
                            "t": 0,
                            "s": [
                                0
                            ],
                            "e": [
                                20
                            ]
                        },
                        {
                            "t": 15,
                            "s": [
                                20
                            ],
                            "e": [
                                -20
                            ]
                        },
                        {
                            "t": 30,
                            "s": [
                                -20
                            ],
                            "e": [
                                20
                            ]
                        },
                        {
                            "t": 45,
                            "s": [
                                20
                            ],
                            "e": [
                                -20
                            ]
                        },
                        {
                            "t": 60,
                            "s": [
                                -20
                            ],
                            "e": [
                                20
                            ]
                        },
                        {
                            "t": 75,
                            "s": [
                                20
                            ],
                            "e": [
                                0
                            ]
                        },
                        {
                            "t": 90,
                            "s": [
                                0
                            ]
                        }
                    ]
                },
                "p": {
                    "a": 0,
                    "k": [
                        60,
                        0
                    ]
                },
                "a": {
                    "a": 0,
                    "k": [
                        0,
                        0
                    ]
                },
                "s": {
                    "a": 0,
                    "k": [
                        100,
                        100
                    ]
                }
            },
            "ao": 0,
            "shapes": [
                {
                    "ty": "gr",
                    "it": [
                        {
                            "ty": "rc",
                            "d": 1,
                            "s": {
                                "a": 0,
                                "k": [
                                    15,
                                    35
                                ]
                            },
                            "p": {
                                "a": 0,
                                "k": [
                                    0,
                                    0
                                ]
                            },
                            "r": {
                                "a": 0,
                                "k": 8
                            }
                        },
                        {
                            "ty": "fl",
                            "c": {
                                "a": 0,
                                "k": [
                                    0.72,
                                    0.55,
                                    0.35,
                                    1
                                ]
                            },
                            "o": {
                                "a": 0,
                                "k": 100
                            }
                        }
                    ],
                    "nm": "Tail Shape"
                }
            ],
            "ip": 0,
            "op": 90,
            "st": 0
        },
        {
            "ddd": 0,
            "ind": 4,
            "ty": 4,
            "nm": "Left Ear",
            "parent": 2,
            "sr": 1,
            "ks": {
                "o": {
                    "a": 0,
                    "k": 100
                },
                "r": {
                    "a": 1,
                    "k": [
                        {
                            "t": 0,
                            "s": [
                                -10
                            ],
                            "e": [
                                -15
                            ]
                        },
                        {
                            "t": 45,
                            "s": [
                                -15
                            ],
                            "e": [
                                -10
                            ]
                        },
                        {
                            "t": 90,
                            "s": [
                                -10
                            ]
                        }
                    ]
                },
                "p": {
                    "a": 0,
                    "k": [
                        -20,
                        -25
                    ]
                },
                "a": {
                    "a": 0,
                    "k": [
                        0,
                        0
                    ]
                },
                "s": {
                    "a": 0,
                    "k": [
                        100,
                        100
                    ]
                }
            },
            "ao": 0,
            "shapes": [
                {
                    "ty": "gr",
                    "it": [
                        {
                            "ty": "el",
                            "d": 1,
                            "s": {
                                "a": 0,
                                "k": [
                                    20,
                                    35
                                ]
                            },
                            "p": {
                                "a": 0,
                                "k": [
                                    0,
                                    0
                                ]
                            }
                        },
                        {
                            "ty": "fl",
                            "c": {
                                "a": 0,
                                "k": [
                                    0.72,
                                    0.55,
                                    0.35,
                                    1
                                ]
                            },
                            "o": {
                                "a": 0,
                                "k": 100
                            }
                        }
                    ],
                    "nm": "Left Ear Shape"
                }
            ],
            "ip": 0,
            "op": 90,
            "st": 0
        },
        {
            "ddd": 0,
            "ind": 5,
            "ty": 4,
            "nm": "Right Ear",
            "parent": 2,
            "sr": 1,
            "ks": {
                "o": {
                    "a": 0,
                    "k": 100
                },
                "r": {
                    "a": 1,
                    "k": [
                        {
                            "t": 0,
                            "s": [
                                10
                            ],
                            "e": [
                                15
                            ]
                        },
                        {
                            "t": 45,
                            "s": [
                                15
                            ],
                            "e": [
                                10
                            ]
                        },
                        {
                            "t": 90,
                            "s": [
                                10
                            ]
                        }
                    ]
                },
                "p": {
                    "a": 0,
                    "k": [
                        20,
                        -25
                    ]
                },
                "a": {
                    "a": 0,
                    "k": [
                        0,
                        0
                    ]
                },
                "s": {
                    "a": 0,
                    "k": [
                        100,
                        100
                    ]
                }
            },
            "ao": 0,
            "shapes": [
                {
                    "ty": "gr",
                    "it": [
                        {
                            "ty": "el",
                            "d": 1,
                            "s": {
                                "a": 0,
                                "k": [
                                    20,
                                    35
                                ]
                            },
                            "p": {
                                "a": 0,
                                "k": [
                                    0,
                                    0
                                ]
                            }
                        },
                        {
                            "ty": "fl",
                            "c": {
                                "a": 0,
                                "k": [
                                    0.72,
                                    0.55,
                                    0.35,
                                    1
                                ]
                            },
                            "o": {
                                "a": 0,
                                "k": 100
                            }
                        }
                    ],
                    "nm": "Right Ear Shape"
                }
            ],
            "ip": 0,
            "op": 90,
            "st": 0
        }
    ],
    "markers": []
}